Latitude(deg),Longitude(deg),CPR,DOP,SLI_Row,SLI_Col
-87.687339,67.828181,1.189260,0.119817,2207,407
-87.687330,67.828611,1.264197,0.123358,2208,407
-87.686945,67.824094,1.018322,0.027814,2208,408
-87.686935,67.824518,1.111689,0.068299,2209,408
-87.686551,67.820001,1.003103,0.090572,2209,409
-87.686925,67.824943,1.162340,0.095396,2210,408
-87.686541,67.820426,1.053814,0.091258,2210,409
-87.686915,67.825368,1.191425,0.117529,2211,408
-87.686530,67.820851,1.062079,0.085940,2211,409
-87.686905,67.825792,1.199907,0.120863,2212,408
-87.686520,67.821276,1.049634,0.101658,2212,409
-87.686895,67.826217,1.162244,0.127248,2213,408
-87.686510,67.821700,1.022860,0.129986,2213,409
-87.691347,67.951490,1.038390,0.107697,2347,393
-87.691337,67.951916,1.044831,0.028071,2348,393
-87.691327,67.952342,1.117747,0.057334,2349,393
-87.691317,67.952767,1.185708,0.108922,2350,393
-87.689993,68.206681,1.135258,0.095747,2844,384
-87.689984,68.207118,1.153832,0.094411,2845,384
-87.689975,68.207555,1.150887,0.091262,2846,384
-87.689966,68.207992,1.153532,0.080123,2847,384
-87.689957,68.208428,1.125124,0.061914,2848,384
-87.689948,68.208863,1.110821,0.055938,2849,384
-87.689938,68.209299,1.126183,0.061812,2850,384
-87.689929,68.209735,1.137037,0.069098,2851,384
-87.689920,68.210170,1.143102,0.074066,2852,384
-87.689911,68.210606,1.144499,0.072154,2853,384
-87.689901,68.211042,1.161629,0.077135,2854,384
-87.689892,68.211477,1.160557,0.084410,2855,384
-87.689883,68.211913,1.132657,0.111899,2856,384
-87.684702,68.202842,1.038420,0.128292,2953,394
-87.684542,68.209646,1.110934,0.107158,2969,394
-87.684133,68.204793,1.079934,0.115980,2969,395
-87.684532,68.210071,1.074292,0.081473,2970,394
-87.684123,68.205217,1.096345,0.074888,2970,395
-87.684522,68.210497,1.039658,0.062644,2971,394
-87.684113,68.205642,1.096767,0.058150,2971,395
-87.684512,68.210922,1.077627,0.074576,2972,394
-87.684103,68.206066,1.138348,0.075161,2972,395
-87.684502,68.211347,1.110754,0.073970,2973,394
-87.684093,68.206490,1.195345,0.091054,2973,395
-87.684492,68.211772,1.081465,0.063191,2974,394
-87.684082,68.206914,1.199023,0.091713,2974,395
-87.684482,68.212198,1.049315,0.063583,2975,394
-87.684072,68.207339,1.186704,0.088063,2975,395
-87.677526,68.129595,1.061253,0.125727,2975,411
-87.684471,68.212618,1.044721,0.058148,2976,394
-87.684062,68.207758,1.178075,0.097185,2976,395
-87.684460,68.213034,1.090933,0.089532,2977,394
-87.684051,68.208173,1.207921,0.124012,2977,395
-87.677502,68.130401,1.031993,0.124674,2977,411
-87.673564,68.423402,1.032434,0.105117,3603,401
-87.673550,68.423777,1.090171,0.119760,3604,401
-87.673799,68.434352,1.004264,0.106214,3618,400
-87.673785,68.434728,1.022434,0.096618,3619,400
-87.673771,68.435104,1.025278,0.117607,3620,400
-87.674188,68.441186,1.035961,0.096461,3622,399
-87.673548,68.441123,1.203453,0.122079,3636,400
-87.673534,68.441499,1.191750,0.117976,3637,400
-87.673520,68.441875,1.134990,0.102697,3638,400
-87.673506,68.442251,1.047810,0.087689,3639,400
-87.673492,68.442627,1.003117,0.087042,3640,400
-87.673478,68.443003,1.013146,0.120446,3641,400
-87.673501,68.459566,1.034647,0.121759,3671,399
-87.672878,68.458625,1.089444,0.102616,3683,400
-87.672863,68.458989,1.173295,0.121890,3684,400
-87.672382,68.454324,1.199553,0.125009,3686,401
-87.672818,68.460081,1.183378,0.122789,3687,400
-87.672367,68.454686,1.168734,0.097041,3687,401
-87.672803,68.460445,1.145296,0.110046,3688,400
-87.672352,68.455049,1.133635,0.085048,3688,401
-87.672788,68.460809,1.182158,0.117090,3689,400
-87.672337,68.455411,1.187057,0.107792,3689,401
-87.672773,68.461173,1.205636,0.120988,3690,400
-87.672322,68.455774,1.226069,0.115531,3690,401
-87.672758,68.461537,1.215485,0.123807,3691,400
-87.672307,68.456136,1.219897,0.114334,3691,401
-87.672292,68.456498,1.238854,0.121058,3692,401
-87.672277,68.456861,1.238832,0.115086,3693,401
-87.672262,68.457223,1.252275,0.116819,3694,401
-87.671636,68.612527,1.173411,0.126817,3994,393
-87.671592,68.613624,1.246845,0.120321,3997,393
-87.671577,68.613990,1.216211,0.104440,3998,393
-87.671563,68.614356,1.132648,0.064169,3999,393
-87.671548,68.614724,1.063852,0.045219,4000,393
-87.671534,68.615093,1.024266,0.055355,4001,393
-87.671519,68.615461,1.032931,0.083397,4002,393
-87.671053,68.609867,1.024005,0.113311,4002,394
-87.671505,68.615830,1.076764,0.111842,4003,393
-87.671490,68.616199,1.090357,0.102807,4004,393
-87.671476,68.616568,1.065714,0.104348,4005,393
-87.671461,68.616937,1.010435,0.113613,4006,393
-87.638245,68.249017,1.030436,0.089216,4056,460
-87.638226,68.249333,1.034388,0.072567,4057,460
-87.638207,68.249650,1.011105,0.072766,4058,460
-87.806774,73.355681,1.018760,0.123105,9035,92
-87.806757,73.356017,1.019648,0.102556,9036,92
-87.806740,73.356354,1.008879,0.118145,9037,92
-87.806603,73.359048,1.192766,0.123509,9045,92
-87.805944,73.348854,1.018852,0.096256,9045,93
-87.805286,73.338660,1.000797,0.118080,9045,94
-87.806586,73.359385,1.179798,0.121124,9046,92
-87.806569,73.359722,1.176410,0.123287,9047,92
-87.806552,73.360059,1.185129,0.129807,9048,92
-87.806517,73.360732,1.250816,0.128183,9050,92
-87.805841,73.350863,1.021224,0.082460,9051,93
-87.805824,73.351198,1.061551,0.110983,9052,93
-87.803475,74.006394,1.086308,0.121680,10196,65
-87.565542,71.189818,1.042551,0.120345,11252,424
-87.565534,71.190257,1.035251,0.129481,11253,424
-87.565527,71.190696,1.056445,0.107184,11254,424
-87.565520,71.191135,1.116209,0.069990,11255,424
-87.565513,71.191574,1.250327,0.115231,11256,424
-87.713785,80.382430,1.017599,0.121940,23101,58
-87.714312,80.394069,1.099625,0.104453,23103,57
-87.714306,80.394583,1.109325,0.075100,23104,57
-87.713767,80.383975,1.020445,0.054058,23104,58
-87.714301,80.395096,1.094289,0.069678,23105,57
-87.713761,80.384490,1.046488,0.056140,23105,58
-87.714295,80.395610,1.050709,0.068038,23106,57
-87.713756,80.385005,1.018089,0.060007,23106,58
-87.714289,80.396124,1.038221,0.064384,23107,57
-87.713750,80.385520,1.010771,0.070280,23107,58
-87.714283,80.396637,1.056231,0.069531,23108,57
-87.713744,80.386035,1.026874,0.075898,23108,58
-87.714277,80.397151,1.094846,0.099029,23109,57
-87.713738,80.386550,1.049414,0.094520,23109,58
-87.713732,80.387065,1.086394,0.124253,23110,58
-87.709053,80.433718,1.168247,0.129696,23329,65
-87.707511,80.558412,1.059435,0.111200,23575,65
-87.707502,80.558882,1.027325,0.096339,23576,65
-87.707494,80.559351,1.009982,0.088774,23577,65
-87.707478,80.560289,1.003346,0.071120,23579,65
-87.707453,80.561700,1.015508,0.075104,23582,65
-87.707445,80.562171,1.034607,0.091281,23583,65
-87.707437,80.562642,1.044359,0.101388,23584,65
-87.707429,80.563112,1.041353,0.111441,23585,65
-87.723376,80.917709,1.070883,0.114423,23647,32
-87.723368,80.918184,1.059602,0.111632,23648,32
-87.723360,80.918659,1.055639,0.101456,23649,32
-87.723352,80.919134,1.054910,0.091885,23650,32
-87.723344,80.919608,1.049043,0.091812,23651,32
-87.723335,80.920083,1.026784,0.081682,23652,32
-87.723327,80.920558,1.059765,0.096289,23653,32
-87.723319,80.921033,1.072009,0.107335,23654,32
-87.717047,80.880447,1.235734,0.122081,23786,43
-87.716985,80.885579,1.169369,0.091596,23796,43
-87.716979,80.886092,1.125325,0.072298,23797,43
-87.716973,80.886605,1.109907,0.079060,23798,43
-87.716967,80.887119,1.083229,0.089092,23799,43
-87.716961,80.887632,1.080905,0.100982,23800,43
-87.716955,80.888145,1.118874,0.113892,23801,43
-87.717456,80.898744,1.048290,0.095063,23802,42
-87.716948,80.888658,1.185625,0.127975,23802,43
-87.717450,80.899259,1.129668,0.104960,23803,42
-87.717420,80.903129,1.200697,0.123855,23810,42
-87.717417,80.903690,1.163019,0.128147,23811,42
-87.711454,81.086518,1.085277,0.125854,24286,49
-87.711448,81.087031,1.129235,0.122535,24287,49
-87.710931,81.076657,1.009392,0.101799,24287,50
-87.711442,81.087544,1.165754,0.121046,24288,49
-87.710925,81.077172,1.063140,0.087435,24288,50
-87.711436,81.088058,1.172837,0.109072,24289,49
-87.710919,81.077686,1.113247,0.085739,24289,50
-87.711430,81.088571,1.162737,0.109958,24290,49
-87.710913,81.078200,1.119752,0.077688,24290,50
-87.710907,81.078715,1.115929,0.063529,24291,50
-87.710900,81.079229,1.067863,0.050924,24292,50
-87.710894,81.079743,1.017874,0.080743,24293,50
-87.710888,81.080258,1.043944,0.104889,24294,50
-87.710882,81.080772,1.083516,0.102626,24295,50
-87.710876,81.081286,1.084942,0.118307,24296,50
-87.710858,81.082829,1.109008,0.096724,24299,50
-87.710341,81.072467,1.060738,0.123259,24299,51
-87.710852,81.083344,1.054976,0.074821,24300,50
-87.710335,81.072983,1.007753,0.129710,24300,51
-87.710846,81.083858,1.047104,0.098024,24301,50
-87.710840,81.084372,1.091928,0.125942,24302,50
-87.712266,81.219276,1.068860,0.118973,24469,45
-87.712259,81.219772,1.085922,0.128182,24470,45
-87.712252,81.220268,1.054726,0.114267,24471,45
-87.712245,81.220764,1.046367,0.110045,24472,45
-87.712238,81.221260,1.052533,0.129562,24473,45
-87.712224,81.222252,1.011090,0.119244,24475,45
-87.635691,80.401729,1.075348,0.126653,25552,194
-87.635678,80.404523,1.092875,0.129592,25557,194
-87.635675,80.405082,1.132797,0.119150,25558,194
-87.635673,80.405641,1.103601,0.113807,25559,194
-87.635670,80.406200,1.048180,0.115589,25560,194
-87.635667,80.406758,1.032900,0.116841,25561,194
-87.635665,80.407317,1.051959,0.100469,25562,194
-87.635662,80.407876,1.118132,0.115280,25563,194
-87.597381,80.541050,1.133765,0.106260,26972,259
-87.597375,80.541543,1.105641,0.083094,26973,259
-87.597369,80.542036,1.108147,0.075272,26974,259
-87.597363,80.542528,1.110580,0.055937,26975,259
-87.597357,80.543021,1.095658,0.064578,26976,259
-87.597352,80.543514,1.103423,0.078016,26977,259
-87.597346,80.544006,1.117738,0.067754,26978,259
-87.597340,80.544499,1.093331,0.076483,26979,259
-87.597334,80.544992,1.076522,0.068907,26980,259
-87.597328,80.545485,1.125622,0.075474,26981,259
-87.597323,80.545977,1.141222,0.123282,26982,259
-87.597759,80.555952,1.102743,0.127627,26985,258
-87.597753,80.556448,1.104297,0.125126,26986,258
-87.597748,80.556943,1.091923,0.116745,26987,258
-87.597742,80.557438,1.100010,0.112499,26988,258
-87.598191,80.566441,1.238017,0.126746,26989,257
-87.597736,80.557933,1.110472,0.106731,26989,258
-87.598185,80.566938,1.226405,0.119267,26990,257
-87.597731,80.558429,1.094778,0.094043,26990,258
-87.598180,80.567436,1.226178,0.120118,26991,257
-87.597725,80.558924,1.074871,0.082649,26991,258
-87.598174,80.567934,1.202266,0.111674,26992,257
-87.597719,80.559419,1.050592,0.072499,26992,258
-87.598169,80.568432,1.171160,0.095885,26993,257
-87.597714,80.559915,1.053615,0.072185,26993,258
-87.598163,80.568930,1.192833,0.099330,26994,257
-87.597708,80.560410,1.099523,0.076127,26994,258
-87.598158,80.569428,1.232251,0.109823,26995,257
-87.597702,80.560905,1.131354,0.073222,26995,258
-87.598152,80.569926,1.276155,0.122933,26996,257
-87.597697,80.561401,1.156026,0.076855,26996,258
-87.597691,80.561896,1.200167,0.095109,26997,258
-87.597236,80.553368,1.000177,0.068097,26997,259
-87.597685,80.562391,1.205849,0.106246,26998,258
-87.597230,80.553861,1.022918,0.089672,26998,259
-87.598135,80.571420,1.241693,0.128267,26999,257
-87.597680,80.562887,1.168450,0.102828,26999,258
-87.597224,80.554354,1.019160,0.111079,26999,259
-87.598130,80.571917,1.241845,0.129033,27000,257
-87.597674,80.563382,1.179855,0.106066,27000,258
-87.597218,80.554846,1.042206,0.118208,27000,259
-87.678061,83.900195,1.001346,0.126547,29740,22
-87.677671,83.891666,1.014435,0.129195,29740,23
-87.678054,83.900694,1.025912,0.129859,29741,22
-87.616829,82.906677,1.004562,0.043861,30209,161
-87.616819,82.907098,1.045510,0.047932,30210,161
-87.616809,82.907519,1.043645,0.054486,30211,161
-87.616799,82.907940,1.091602,0.056132,30212,161
-87.616789,82.908361,1.174880,0.093652,30213,161
-87.616779,82.908782,1.143731,0.115600,30214,161
-87.616363,82.900275,1.114001,0.114867,30214,162
-87.616769,82.909203,1.082565,0.119627,30215,161
-87.616353,82.900695,1.085325,0.079106,30215,162
-87.616343,82.901116,1.117365,0.129611,30216,162
-87.615927,82.892607,1.189592,0.089308,30216,163
-87.615917,82.893026,1.236368,0.111926,30217,163
-87.615907,82.893445,1.250322,0.122922,30218,163
-87.615897,82.893864,1.257605,0.129803,30219,163
-87.613656,83.239723,1.180638,0.117467,30844,156
-87.613650,83.240215,1.146734,0.103079,30845,156
-87.613643,83.240708,1.140735,0.113055,30846,156
-87.613637,83.241200,1.172518,0.124489,30847,156
-87.613617,83.242677,1.164925,0.111665,30850,156
-87.613610,83.243169,1.107810,0.083027,30851,156
-87.613181,83.234319,1.114336,0.119447,30851,157
-87.613604,83.243662,1.054713,0.062437,30852,156
-87.613174,83.234809,1.072333,0.101709,30852,157
-87.613168,83.235300,1.054385,0.090883,30853,157
-87.613161,83.235791,1.050992,0.085989,30854,157
-87.613154,83.236281,1.045780,0.100024,30855,157
-87.448821,80.391228,1.143306,0.119667,31327,448
-87.448806,80.391533,1.184940,0.124072,31328,448
-87.448792,80.391839,1.151922,0.115422,31329,448
-87.448777,80.392144,1.160514,0.121880,31330,448
-87.448762,80.392450,1.178892,0.127951,31331,448
-87.448747,80.392755,1.103959,0.086060,31332,448
-87.448732,80.393061,1.032311,0.085700,31333,448
-87.448718,80.393366,1.026813,0.105948,31334,448
-87.448703,80.393672,1.089899,0.112271,31335,448
-87.448570,80.396422,1.261020,0.124695,31344,448
-87.607902,83.464475,1.132317,0.129568,31391,160
-87.607895,83.464956,1.162938,0.129112,31392,160
-87.444827,80.410804,1.001058,0.105084,31486,451
-87.444814,80.411143,1.004121,0.085927,31487,451
-87.445300,80.424787,1.061719,0.057558,31496,450
-87.444699,80.414199,1.032909,0.079912,31496,451
-87.445287,80.425124,1.155112,0.093570,31497,450
-87.444686,80.414538,1.121484,0.075036,31497,451
-87.445274,80.425461,1.242818,0.128019,31498,450
-87.444673,80.414878,1.216011,0.102071,31498,451
-87.444660,80.415217,1.295364,0.128946,31499,451
-87.425296,80.304699,1.042468,0.129045,31901,476
-87.424612,80.292799,1.013877,0.113960,31901,477
-87.425282,80.305027,1.015960,0.083838,31902,476
-87.425269,80.305355,1.051523,0.075164,31903,476
-87.424585,80.293447,1.042124,0.063207,31903,477
-87.424571,80.293772,1.106016,0.083839,31904,477
-87.425287,80.369030,1.090599,0.123907,32016,474
-87.425276,80.369408,1.065629,0.111249,32017,474
-87.425266,80.369787,1.047526,0.096934,32018,474
-87.425255,80.370165,1.031611,0.090642,32019,474
-87.425245,80.370544,1.093146,0.101931,32020,474
-87.425234,80.370922,1.167362,0.104950,32021,474
-87.425224,80.371301,1.148378,0.089882,32022,474
-87.425213,80.371679,1.137722,0.081836,32023,474
-87.425203,80.372058,1.139975,0.077179,32024,474
-87.425192,80.372436,1.153632,0.074406,32025,474
-87.425182,80.372815,1.182697,0.087784,32026,474
-87.425171,80.373193,1.156852,0.091490,32027,474
-87.425161,80.373571,1.111539,0.088855,32028,474
-87.425150,80.373949,1.035111,0.082876,32029,474
-87.426392,80.483686,1.005656,0.113453,32186,470
-87.426381,80.484047,1.043100,0.123116,32187,470
-87.426368,80.484392,1.059569,0.122814,32188,470
-87.426356,80.484736,1.071232,0.089908,32189,470
-87.426343,80.485080,1.078516,0.087762,32190,470
-87.426331,80.485425,1.080609,0.088373,32191,470
-87.426319,80.485769,1.092909,0.061778,32192,470
-87.426306,80.486113,1.116820,0.061152,32193,470
-87.426294,80.486458,1.097503,0.057656,32194,470
-87.426281,80.486802,1.037597,0.078784,32195,470
-87.425480,80.475614,1.041079,0.119991,32200,471
-87.424740,80.462705,1.217976,0.115415,32200,472
-87.424728,80.463046,1.143620,0.098983,32201,472
-87.424715,80.463388,1.090463,0.086398,32202,472
-87.424703,80.463729,1.083731,0.080959,32203,472
-87.424690,80.464070,1.074646,0.074529,32204,472
-87.424677,80.464412,1.051033,0.077068,32205,472
-87.424665,80.464753,1.036987,0.098330,32206,472
-87.424652,80.465094,1.022242,0.127332,32207,472
-87.423824,80.454554,1.114145,0.123488,32214,473
-87.423811,80.454894,1.069757,0.095458,32215,473
-87.423798,80.455234,1.057227,0.065470,32216,473
-87.423786,80.455574,1.068125,0.057742,32217,473
-87.423773,80.455914,1.062032,0.065551,32218,473
-87.423760,80.456254,1.018277,0.069434,32219,473
-87.423735,80.456935,1.002676,0.099247,32221,473
-87.423697,80.457957,1.021870,0.090657,32224,473
-87.423685,80.458298,1.010761,0.119827,32225,473
-87.647497,84.892719,1.030134,0.099342,32289,33
-87.647160,84.885268,1.154471,0.091693,32289,34
-87.647486,84.893130,1.025845,0.069004,32290,33
-87.647149,84.885680,1.162776,0.085910,32290,34
-87.647475,84.893541,1.030037,0.069731,32291,33
-87.647139,84.886091,1.168953,0.086404,32291,34
-87.647464,84.893952,1.077051,0.107650,32292,33
-87.647128,84.886503,1.205130,0.111363,32292,34
-87.647095,84.887737,1.142038,0.107918,32295,34
-87.647084,84.888149,1.133462,0.103873,32296,34
-87.647073,84.888560,1.190540,0.124423,32297,34
-87.647051,84.889383,1.210513,0.126121,32299,34
-87.427888,80.576053,1.078459,0.110171,32304,466
-87.427875,80.576383,1.070247,0.070428,32305,466
-87.427862,80.576713,1.100389,0.066659,32306,466
-87.427849,80.577043,1.183128,0.113661,32307,466
-87.427796,80.578363,1.048345,0.124161,32311,466
-87.427769,80.579023,1.001634,0.123189,32313,466
-87.427016,80.566417,1.148579,0.119677,32314,467
-87.427003,80.566748,1.118402,0.096691,32315,467
-87.426989,80.567079,1.085006,0.103719,32316,467
-87.426976,80.567410,1.099928,0.106813,32317,467
-87.426963,80.567741,1.141367,0.109412,32318,467
-87.426950,80.568072,1.099988,0.096050,32319,467
-87.426937,80.568403,1.022090,0.063514,32320,467
-87.426184,80.555808,1.097336,0.104215,32321,468
-87.426171,80.556140,1.049610,0.106346,32322,468
-87.426158,80.556473,1.040846,0.126914,32323,468
-87.427192,80.593060,1.004070,0.127766,32356,466
-87.427178,80.593374,1.035254,0.126605,32357,466
-87.427163,80.593688,1.054347,0.123747,32358,466
-87.426400,80.581463,1.039684,0.126146,32360,467
-87.425568,80.570848,1.009620,0.119856,32367,468
-87.424566,80.564545,1.011500,0.058009,32387,469
-87.424553,80.564877,1.013833,0.055830,32388,469
-87.424540,80.565210,1.012394,0.056351,32389,469
-87.424527,80.565542,1.026087,0.057314,32390,469
-87.424514,80.565874,1.040789,0.061091,32391,469
-87.424501,80.566207,1.032868,0.067429,32392,469
-87.424488,80.566539,1.005527,0.074998,32393,469
-87.424462,80.567204,1.009552,0.078056,32395,469
-87.634751,84.689062,1.051111,0.128466,32409,67
-87.634741,84.689494,1.031520,0.126843,32410,67
-87.626448,84.586620,1.115734,0.129553,32532,88
-87.626440,84.587075,1.099227,0.125330,32533,88
-87.626431,84.587530,1.123853,0.129865,32534,88
-87.618440,84.448229,1.070658,0.126750,32587,108
-87.618429,84.448643,1.153437,0.103506,32588,108
-87.618419,84.449057,1.165383,0.090669,32589,108
-87.618786,84.457651,1.249171,0.129960,32590,107
-87.618408,84.449471,1.121950,0.076596,32590,108
-87.618398,84.449885,1.094400,0.084537,32591,108
-87.618765,84.458475,1.193429,0.116857,32592,107
-87.618387,84.450299,1.031418,0.072860,32592,108
-87.618754,84.458887,1.123605,0.075960,32593,107
-87.618743,84.459299,1.102432,0.055637,32594,107
-87.618733,84.459711,1.099801,0.050241,32595,107
-87.618722,84.460123,1.110983,0.054376,32596,107
-87.618712,84.460535,1.076140,0.049441,32597,107
-87.618701,84.460947,1.007722,0.057833,32598,107
-87.618690,84.461359,1.022203,0.079771,32599,107
-87.618680,84.461771,1.059025,0.075700,32600,107
-87.618669,84.462183,1.068905,0.059257,32601,107
-87.421707,80.634497,1.028817,0.095897,32601,469
-87.618659,84.462596,1.157457,0.081529,32602,107
-87.421697,80.634878,1.071783,0.125185,32602,469
-87.418238,80.574320,1.091181,0.118446,32602,474
-87.618272,84.454853,1.054732,0.070050,32603,108
-87.618261,84.455254,1.067305,0.072300,32604,108
-87.421675,80.635614,1.016317,0.118943,32604,469
-87.618250,84.455655,1.042814,0.091747,32605,108
-87.421663,80.635970,1.063350,0.126118,32605,469
-87.618239,84.456056,1.009243,0.106896,32606,108
-87.618216,84.456858,1.005166,0.122507,32608,108
-87.421605,80.637753,1.078501,0.127428,32610,469
-87.418096,80.610509,1.141041,0.122058,32671,473
-87.417300,80.601605,1.095086,0.127709,32680,474
-87.417287,80.601939,1.060078,0.119654,32681,474
-87.417985,80.665138,1.260323,0.117887,32772,471
-87.418623,80.676875,1.065398,0.129340,32773,470
-87.417971,80.665447,1.181216,0.086115,32773,471
-87.417957,80.665756,1.178359,0.093545,32774,471
-87.417942,80.666065,1.193338,0.126131,32775,471
-87.414391,80.820638,1.077046,0.107080,33162,468
-87.414379,80.820984,1.051546,0.090921,33163,468
-87.414367,80.821330,1.011256,0.099251,33164,468
-87.414355,80.821677,1.025434,0.101910,33165,468
-87.414342,80.822023,1.033093,0.107249,33166,468
-87.597897,84.663073,1.056143,0.109433,33617,129
-87.597811,84.665678,1.115445,0.128537,33624,129
-87.597774,84.666799,1.171225,0.126644,33627,129
-87.597763,84.667190,1.162470,0.129033,33628,129
-87.597751,84.667581,1.168607,0.129437,33629,129
-87.597694,84.669535,1.178016,0.127073,33634,129
-87.597682,84.669926,1.176268,0.127046,33635,129
-87.597671,84.670317,1.181265,0.123689,33636,129
-87.600142,84.778531,1.083685,0.129084,33722,120
-87.600129,84.778878,1.057153,0.116598,33723,120
-87.610422,85.106794,1.003656,0.116779,33882,87
-87.624333,85.499795,1.255197,0.123330,34009,42
-87.624182,85.502932,1.154448,0.126994,34019,42
-87.624135,85.503853,1.133342,0.106651,34022,42
-87.624120,85.504160,1.126440,0.078287,34023,42
-87.624104,85.504467,1.157715,0.085927,34024,42
-87.624089,85.504774,1.189836,0.103667,34025,42
-87.624074,85.505082,1.203520,0.111529,34026,42
-87.624058,85.505389,1.201953,0.115157,34027,42
-87.624043,85.505696,1.163941,0.107157,34028,42
-87.624027,85.506003,1.109060,0.106019,34029,42
-87.623950,85.507539,1.036000,0.128011,34034,42
-87.595878,85.204253,1.056378,0.109622,34530,106
-87.595518,85.196341,1.012481,0.122977,34530,107
-87.595869,85.204697,1.102290,0.113101,34531,106
-87.595509,85.196783,1.042188,0.109516,34531,107
-87.595500,85.197225,1.071448,0.101189,34532,107
-87.595491,85.197666,1.095752,0.089579,34533,107
-87.595482,85.198108,1.195757,0.119384,34534,107
-87.597791,85.363676,1.045493,0.129773,34712,95
-87.601084,85.467911,1.077733,0.108029,34760,84
-87.601071,85.468285,1.077226,0.110738,34761,84
-87.601059,85.468659,1.080127,0.121277,34762,84
-87.610797,85.902765,1.063102,0.118037,35092,45
-87.610412,85.896001,1.110139,0.126398,35095,46
-87.610207,85.903136,1.220254,0.124937,35113,46
-87.610196,85.903526,1.213257,0.119702,35114,46
-87.596613,85.630535,1.003797,0.115764,35165,84
-87.601176,85.781718,1.086951,0.113258,35240,68
-87.601166,85.782130,1.105578,0.109377,35241,68
-87.601155,85.782542,1.115731,0.110690,35242,68
-87.601145,85.782955,1.160278,0.126769,35243,68
-87.601123,85.783779,1.150442,0.126956,35245,68
-87.598947,85.782355,1.086771,0.118549,35318,72
-87.598935,85.782735,1.056054,0.093243,35319,72
-87.598597,85.775140,1.171228,0.121766,35319,73
-87.598923,85.783114,1.030512,0.102494,35320,72
-87.598585,85.775516,1.174426,0.119557,35320,73
-87.598911,85.783494,1.012187,0.121917,35321,72
-87.598573,85.775893,1.181327,0.107300,35321,73
-87.598560,85.776269,1.151947,0.085913,35322,73
-87.598549,85.776665,1.116515,0.067085,35323,73
-87.598539,85.777081,1.097350,0.075463,35324,73
-87.598528,85.777497,1.095634,0.094398,35325,73
-87.598518,85.777913,1.089505,0.093076,35326,73
-87.598507,85.778329,1.071603,0.096903,35327,73
-87.598497,85.778745,1.062768,0.094330,35328,73
-87.598158,85.771133,1.184347,0.127024,35328,74
-87.598825,85.786773,1.017488,0.123736,35329,72
-87.598487,85.779161,1.106872,0.102232,35329,73
-87.598148,85.771548,1.173414,0.112512,35329,74
-87.598815,85.787190,1.109623,0.128544,35330,72
-87.598476,85.779576,1.169256,0.114536,35330,73
-87.598466,85.779992,1.173813,0.111024,35331,73
-87.598455,85.780408,1.150083,0.098154,35332,73
-87.598784,85.788441,1.079900,0.094692,35333,72
-87.598445,85.780824,1.146520,0.083065,35333,73
-87.598773,85.788857,1.137954,0.106619,35334,72
-87.598434,85.781240,1.189807,0.089691,35334,73
-87.598424,85.781656,1.248988,0.116885,35335,73
-87.598414,85.782072,1.253791,0.120017,35336,73
-87.598403,85.782488,1.243009,0.114132,35337,73
-87.598393,85.782904,1.242023,0.112641,35338,73
-87.598382,85.783320,1.234496,0.109960,35339,73
-87.598372,85.783736,1.216680,0.098852,35340,73
-87.598362,85.784151,1.194520,0.100717,35341,73
-87.598351,85.784567,1.190829,0.105495,35342,73
-87.598341,85.784983,1.151776,0.075673,35343,73
-87.598001,85.777357,1.119471,0.126918,35343,74
-87.598330,85.785399,1.107078,0.051342,35344,73
-87.597991,85.777772,1.100080,0.102099,35344,74
-87.598320,85.785815,1.124059,0.061402,35345,73
-87.597981,85.778187,1.136972,0.103354,35345,74
-87.598309,85.786231,1.159342,0.077977,35346,73
-87.597970,85.778602,1.182883,0.114927,35346,74
-87.598299,85.786647,1.177222,0.083428,35347,73
-87.598289,85.787063,1.114193,0.054051,35348,73
-87.597949,85.779432,1.144540,0.129490,35348,74
-87.598618,85.795111,1.086010,0.117162,35349,72
-87.598278,85.787479,1.027785,0.020528,35349,73
-87.597939,85.779847,1.066096,0.097406,35349,74
-87.598268,85.787895,1.059121,0.053998,35350,73
-87.597928,85.780262,1.101012,0.098474,35350,74
-87.598257,85.788311,1.117070,0.087718,35351,73
-87.598247,85.788726,1.104094,0.104734,35352,73
-87.598237,85.789142,1.089732,0.113371,35353,73
-87.598226,85.789558,1.069103,0.101609,35354,73
-87.598216,85.789977,1.079370,0.090578,35355,73
-87.598206,85.790398,1.115320,0.089896,35356,73
-87.598195,85.790820,1.066490,0.070045,35357,73
-87.598525,85.798882,1.170838,0.129455,35358,72
-87.598185,85.791241,1.002879,0.043004,35358,73
-87.598155,85.792506,1.002499,0.038401,35361,73
-87.598145,85.792927,1.060739,0.038759,35362,73
-87.598134,85.793349,1.077551,0.051528,35363,73
-87.597794,85.785705,1.074336,0.121451,35363,74
-87.598124,85.793770,1.016733,0.057847,35364,73
-87.597784,85.786125,1.009397,0.120338,35364,74
-87.596271,85.781349,1.201537,0.114900,35409,77
-87.596259,85.781738,1.214891,0.117004,35410,77
-87.596248,85.782127,1.239912,0.120031,35411,77
-87.596236,85.782515,1.227071,0.111487,35412,77
-87.596224,85.782904,1.226737,0.116418,35413,77
-87.596285,85.818064,1.075513,0.091434,35465,75
-87.596273,85.818445,1.073126,0.085948,35466,75
-87.596261,85.818826,1.048809,0.080738,35467,75
-87.596249,85.819207,1.022936,0.080293,35468,75
-87.596237,85.819588,1.024717,0.105440,35469,75
-87.596225,85.819969,1.055110,0.129495,35470,75
-87.596129,85.823017,1.043118,0.116032,35478,75
-87.596117,85.823397,1.093635,0.079962,35479,75
-87.596105,85.823778,1.158868,0.086371,35480,75
-87.596093,85.824159,1.151393,0.086458,35481,75
-87.596082,85.824540,1.159076,0.084255,35482,75
-87.596069,85.824918,1.191942,0.091773,35483,75
-87.596057,85.825294,1.192841,0.090661,35484,75
-87.596045,85.825670,1.231407,0.105131,35485,75
-87.596033,85.826045,1.283242,0.125801,35486,75
-87.596021,85.826421,1.283565,0.127620,35487,75
-87.596008,85.826797,1.277190,0.126176,35488,75
-87.595996,85.827172,1.281026,0.128655,35489,75
-87.383312,81.574470,1.005193,0.120277,35489,472
-87.595972,85.827924,1.276889,0.124096,35491,75
-87.595960,85.828299,1.219393,0.107667,35492,75
-87.595947,85.828675,1.190837,0.097405,35493,75
-87.595935,85.829050,1.191397,0.088653,35494,75
-87.383244,81.576070,1.079049,0.122469,35494,472
-87.595923,85.829426,1.200613,0.095265,35495,75
-87.383231,81.576390,1.131877,0.114960,35495,472
-87.595911,85.829802,1.231067,0.122737,35496,75
-87.383218,81.576710,1.217501,0.128717,35496,472
-87.591265,85.770035,1.200951,0.123320,35565,86
-87.591241,85.770787,1.218358,0.128345,35567,86
-87.591229,85.771163,1.190081,0.124526,35568,86
-87.591156,85.773418,1.084625,0.122427,35574,86
-87.591144,85.773794,1.084293,0.114805,35575,86
-87.591131,85.774170,1.076229,0.107376,35576,86
-87.591119,85.774545,1.069799,0.112551,35577,86
-87.587155,85.729844,1.198092,0.123553,35645,95
-87.587143,85.730209,1.188804,0.116991,35646,95
-87.587130,85.730574,1.150411,0.114273,35647,95
-87.587117,85.730939,1.164852,0.128184,35648,95
-87.378607,81.621987,1.009624,0.123824,35724,475
-87.378595,81.622337,1.014582,0.111875,35725,475
-87.378584,81.622686,1.027296,0.100109,35726,475
-87.378572,81.623036,1.041717,0.085515,35727,475
-87.378560,81.623385,1.043639,0.086234,35728,475
-87.505368,84.073296,1.004470,0.105866,35787,264
-87.385757,81.823942,1.045841,0.119615,35856,459
-87.582951,85.787884,1.145765,0.117508,35880,99
-87.583281,85.795893,1.104723,0.126549,35881,98
-87.582938,85.788255,1.130001,0.093585,35881,99
-87.582926,85.788625,1.139837,0.114622,35882,99
-87.584626,85.827189,1.046417,0.129271,35883,94
-87.582914,85.788996,1.100329,0.116136,35883,99
-87.584614,85.827561,1.036305,0.111449,35884,94
-87.582901,85.789366,1.066958,0.119889,35884,99
-87.584602,85.827934,1.028244,0.111581,35885,94
-87.584590,85.828306,1.040281,0.105908,35886,94
-87.584577,85.828679,1.063804,0.089866,35887,94
-87.584565,85.829051,1.091059,0.091996,35888,94
-87.584553,85.829424,1.136007,0.108415,35889,94
-87.584541,85.829796,1.194353,0.127948,35890,94
-87.584504,85.830914,1.263864,0.124328,35893,94
-87.584492,85.831286,1.248513,0.125435,35894,94
-87.584479,85.831659,1.179253,0.105206,35895,94
-87.584467,85.832031,1.104300,0.082222,35896,94
-87.584455,85.832404,1.086681,0.083682,35897,94
-87.584443,85.832776,1.088789,0.084520,35898,94
-87.584430,85.833149,1.111668,0.084493,35899,94
-87.400628,82.117969,1.015895,0.120083,35899,432
-87.584418,85.833521,1.174976,0.105667,35900,94
-87.400614,82.118281,1.053774,0.072133,35900,432
-87.400600,82.118592,1.129121,0.089694,35901,432
-87.400586,82.118903,1.189650,0.114369,35902,432
-87.400572,82.119215,1.169529,0.096584,35903,432
-87.400558,82.119526,1.111415,0.080005,35904,432
-87.400544,82.119837,1.047482,0.090553,35905,432
-87.584675,85.843772,1.005178,0.124186,35907,93
-87.584663,85.844144,1.047376,0.107598,35908,93
-87.584650,85.844516,1.065343,0.111727,35909,93
-87.584222,85.839476,1.186150,0.095175,35916,94
-87.583879,85.831831,1.068603,0.083791,35916,95
-87.584209,85.839848,1.192983,0.097580,35917,94
-87.583867,85.832203,1.059770,0.068854,35917,95
-87.583854,85.832575,1.166715,0.105534,35918,95
-87.572522,85.604879,1.069302,0.074305,35956,126
-87.572510,85.605261,1.185454,0.094057,35957,126
-87.572111,85.597124,1.041799,0.022457,35958,127
-87.572100,85.597506,1.037714,0.069036,35959,127
-87.572088,85.597889,1.050334,0.105122,35960,127
-87.572076,85.598271,1.075234,0.115431,35961,127
-87.572065,85.598653,1.071612,0.105433,35962,127
-87.572053,85.599038,1.071181,0.109180,35963,127
-87.572041,85.599425,1.066681,0.119622,35964,127
-87.378683,81.769016,1.048209,0.123759,35984,470
-87.378679,81.769492,1.085969,0.096025,35985,470
-87.378674,81.769969,1.092808,0.095273,35986,470
-87.378669,81.770445,1.039732,0.089087,35987,470
-87.378664,81.770921,1.010264,0.086449,35988,470
-87.388424,81.973759,1.020953,0.114577,36037,454
-87.388458,81.974938,1.070902,0.125258,36038,454
-87.382632,81.879944,1.022751,0.040950,36055,464
-87.382649,81.880813,1.043408,0.036571,36056,464
-87.382666,81.881683,1.090123,0.045132,36057,464
-87.382683,81.882552,1.153182,0.077580,36058,464
-87.382692,81.883274,1.129133,0.089056,36059,464
-87.382695,81.883899,1.154830,0.104002,36060,464
-87.391223,82.084780,1.003263,0.106393,36144,452
-87.391229,82.085468,1.040261,0.085491,36145,452
-87.391236,82.086156,1.051126,0.053021,36146,452
-87.391243,82.086844,1.024832,0.034505,36147,452
-87.391249,82.087531,1.001435,0.033775,36148,452
-87.391300,82.092965,1.039947,0.069510,36156,452
-87.391304,82.093611,1.106667,0.117659,36157,452
-87.392531,82.126569,1.140333,0.109945,36176,450
-87.392906,82.134011,1.089184,0.109868,36177,449
-87.392535,82.127219,1.136762,0.085516,36177,450
-87.392540,82.127869,1.169093,0.112895,36178,450
-87.592169,86.232268,1.032757,0.117085,36244,61
-87.392510,82.164682,1.031532,0.119966,36244,450
-87.392507,82.165191,1.015392,0.115018,36245,450
-87.592124,86.233864,1.027373,0.077231,36248,61
-87.592113,86.234263,1.044665,0.072627,36249,61
-87.592458,86.242733,1.148628,0.118517,36250,60
-87.592102,86.234662,1.007215,0.070041,36250,61
-87.592446,86.243119,1.125878,0.121718,36251,60
-87.592030,86.236940,1.009652,0.046573,36256,61
-87.592018,86.237318,1.039133,0.055481,36257,61
-87.591664,86.229303,1.006336,0.124036,36257,62
-87.592006,86.237697,1.045820,0.082317,36258,61
-87.591994,86.238075,1.063527,0.107830,36259,61
-87.383642,82.014892,1.007244,0.119427,36262,462
-87.383627,82.015737,1.023739,0.125773,36264,462
-87.392342,82.181436,1.152577,0.115438,36279,450
-87.392337,82.181908,1.143954,0.104948,36280,450
-87.393701,82.207500,1.024436,0.088075,36281,446
-87.392332,82.182380,1.114759,0.075225,36281,450
-87.393695,82.207960,1.030707,0.111586,36282,446
-87.392327,82.182852,1.033021,0.084285,36282,450
-87.393687,82.208384,1.005868,0.118822,36283,446
-87.393678,82.208788,1.001448,0.111160,36284,446
-87.393669,82.209193,1.000232,0.110792,36285,446
-87.382906,82.043279,1.154715,0.125881,36336,462
-87.382133,82.029326,1.138705,0.108839,36336,463
-87.381359,82.015373,1.163177,0.112109,36336,464
-87.383668,82.057584,1.096307,0.127410,36337,461
-87.382894,82.043630,1.174011,0.114928,36337,462
-87.382121,82.029675,1.156689,0.088982,36337,463
-87.381348,82.015721,1.165507,0.097836,36337,464
-87.383656,82.057936,1.120311,0.129516,36338,461
-87.376582,81.969638,1.158142,0.124815,36408,469
-87.376569,81.969969,1.126457,0.119787,36409,469
-87.376557,81.970299,1.059583,0.112740,36410,469
-87.388007,82.182621,1.124879,0.110391,36420,454
-87.387992,82.182918,1.132940,0.108065,36421,454
-87.389900,82.249561,1.034289,0.125443,36478,450
-87.389886,82.249879,1.059820,0.121468,36479,450
-87.389873,82.250198,1.063870,0.120707,36480,450
-87.389859,82.250516,1.045889,0.116347,36481,450
-87.389845,82.250835,1.001335,0.097310,36482,450
-87.390184,82.258194,1.136055,0.121988,36484,449
-87.390171,82.258515,1.137031,0.108099,36485,449
-87.390157,82.258837,1.158720,0.107142,36486,449
-87.390144,82.259158,1.206006,0.122528,36487,449
-87.389778,82.252428,1.034999,0.054932,36487,450
-87.389764,82.252746,1.132754,0.097546,36488,450
-87.381481,82.111490,1.032707,0.121516,36503,461
-87.381468,82.111810,1.062812,0.080560,36504,461
-87.381454,82.112129,1.110129,0.090017,36505,461
-87.381441,82.112449,1.138969,0.109587,36506,461
-87.381427,82.112765,1.165427,0.126304,36507,461
-87.381372,82.114022,1.145913,0.121732,36511,461
-87.381359,82.114337,1.097072,0.115428,36512,461
-87.381345,82.114651,1.066088,0.123273,36513,461
-87.381331,82.114966,1.036356,0.118749,36514,461
-87.381317,82.115280,1.063011,0.113584,36515,461
-87.381304,82.115594,1.142241,0.120448,36516,461
-87.579150,86.126406,1.118052,0.126202,36535,88
-87.579138,86.126782,1.184282,0.124003,36536,88
-87.578788,86.118824,1.139604,0.115680,36536,89
-87.384864,82.191173,1.215271,0.101425,36536,456
-87.578776,86.119197,1.225189,0.120273,36537,89
-87.384851,82.191490,1.131938,0.066970,36537,456
-87.384084,82.177631,1.205876,0.115306,36537,457
-87.578763,86.119570,1.247835,0.129010,36538,89
-87.384837,82.191807,1.104997,0.074419,36538,456
-87.384070,82.177948,1.160918,0.126795,36538,457
-87.384823,82.192114,1.086897,0.101755,36539,456
-87.384808,82.192416,1.030458,0.095150,36540,456
-87.384736,82.193925,1.012932,0.096226,36545,456
-87.578672,86.122695,1.132867,0.127711,36546,89
-87.384722,82.194227,1.014122,0.109125,36546,456
-87.384707,82.194529,1.016062,0.128915,36547,456
-87.376815,82.060378,1.073694,0.129471,36562,466
-87.376018,82.047106,1.011253,0.126175,36564,467
-87.376652,82.063626,1.010498,0.127815,36573,466
-87.376637,82.063912,1.036539,0.119155,36574,466
-87.375869,82.050043,1.021641,0.111087,36574,467
-87.572367,86.051612,1.053625,0.113107,36655,103
-87.572357,86.052050,1.022656,0.113528,36656,103
-87.572320,86.053798,1.037016,0.094561,36660,103
-87.572311,86.054235,1.096149,0.103494,36661,103
-87.572301,86.054672,1.187961,0.128651,36662,103
-87.389125,82.343824,1.062169,0.102361,36669,445
-87.389110,82.344126,1.083404,0.119237,36670,445
-87.389096,82.344428,1.051959,0.120988,36671,445
-87.554313,85.728600,1.007149,0.104935,36778,146
-87.554301,85.728972,1.070925,0.117182,36779,146
-87.554289,85.729343,1.063197,0.105796,36780,146
-87.554277,85.729715,1.069421,0.096051,36781,146
-87.554265,85.730087,1.079998,0.093818,36782,146
-87.554253,85.730458,1.059657,0.096570,36783,146
-87.556744,85.799107,1.095647,0.127738,36804,139
-87.556731,85.799463,1.090966,0.128870,36805,139
-87.574964,86.300356,1.136297,0.128758,36949,89
-87.574956,86.300829,1.100995,0.112796,36950,89
-87.574949,86.301303,1.040594,0.093947,36951,89
-87.574941,86.301776,1.040834,0.109928,36952,89
-87.574795,86.304959,1.029138,0.128950,36962,89
-87.377818,82.305147,1.091640,0.113459,36965,457
-87.377798,82.305345,1.089987,0.126452,36966,457
-87.377191,82.392549,1.095886,0.126392,37141,453
-87.377165,82.392631,1.084354,0.125972,37142,453
-87.567632,86.264379,1.159449,0.125080,37149,100
-87.567616,86.264681,1.094424,0.104573,37150,100
-87.567601,86.264984,1.076987,0.106160,37151,100
-87.567231,86.256633,1.192435,0.100992,37151,101
-87.567586,86.265286,1.039463,0.121462,37152,100
-87.567216,86.256938,1.126222,0.089123,37152,101
-87.567200,86.257243,1.109274,0.089347,37153,101
-87.567185,86.257548,1.089354,0.088757,37154,101
-87.567170,86.257853,1.057231,0.125612,37155,101
-87.564893,86.209104,1.063152,0.095763,37159,107
-87.565248,86.217751,1.051156,0.105377,37160,106
-87.565233,86.218070,1.009721,0.118198,37161,106
-87.565161,86.219666,1.026213,0.125411,37166,106
-87.564792,86.211358,1.001607,0.108612,37166,107
-87.564778,86.211680,1.031351,0.119240,37167,107
-87.564720,86.212968,1.051298,0.103945,37171,107
-87.564706,86.213290,1.127694,0.113548,37172,107
-87.564338,86.204998,1.073959,0.113963,37172,108
-87.564324,86.205323,1.124853,0.127080,37173,108
-87.359550,82.100986,1.008920,0.127169,37191,477
-87.562775,86.230475,1.051030,0.114302,37266,109
-87.562763,86.230845,1.032746,0.110970,37267,109
-87.562750,86.231215,1.025830,0.103649,37268,109
-87.562738,86.231585,1.022939,0.095748,37269,109
-87.585025,86.758045,1.102299,0.122206,37296,48
-87.585014,86.758437,1.092395,0.093339,37297,48
-87.584645,86.749896,1.031637,0.101096,37297,49
-87.585002,86.758828,1.148034,0.113130,37298,48
-87.584634,86.750288,1.116205,0.118760,37298,49
-87.371754,82.402451,1.011874,0.127127,37335,451
-87.555666,86.244382,1.104052,0.129819,37536,119
-87.555657,86.244805,1.110542,0.119591,37537,119
-87.464580,84.333955,1.022088,0.125837,37586,288
-87.464563,84.334218,1.027497,0.086821,37587,288
-87.464547,84.334481,1.017793,0.069376,37588,288
-87.464530,84.334744,1.018100,0.073374,37589,288
-87.464513,84.335006,1.001478,0.075010,37590,288
-87.464497,84.335269,1.010246,0.075846,37591,288
-87.464480,84.335532,1.080970,0.102259,37592,288
-87.571308,86.667958,1.117390,0.129927,37641,75
-87.571298,86.668395,1.097283,0.128980,37642,75
-87.382878,82.782154,1.159646,0.107982,37643,425
-87.382866,82.782508,1.050924,0.086120,37644,425
-87.571270,86.669704,1.083264,0.129277,37645,75
-87.356164,82.456557,1.032780,0.128938,37935,466
-87.585942,87.293211,1.290357,0.127292,38074,22
-87.585930,87.293593,1.275603,0.122000,38075,22
-87.466788,86.307532,1.078553,0.120936,40737,218
-87.466774,86.307841,1.119248,0.096089,40738,218
-87.466759,86.308151,1.158218,0.099826,40739,218
-87.466745,86.308460,1.195151,0.116611,40740,218
-87.430045,85.752639,1.012395,0.119484,41112,268
-87.429451,85.741898,1.086599,0.102873,41115,269
-87.429979,85.753684,1.008207,0.101566,41116,268
-87.429435,85.742170,1.125268,0.090295,41116,269
-87.429419,85.742442,1.087078,0.083867,41117,269
-87.410851,85.471035,1.025818,0.128673,41307,295
-87.410836,85.471338,1.044116,0.107650,41308,295
-87.410808,85.471944,1.013676,0.078111,41310,295
-87.410793,85.472246,1.100241,0.109298,41311,295
-87.453078,86.835518,1.069416,0.105231,42066,204
-87.453064,86.835831,1.019801,0.061335,42067,204
-87.351037,84.887274,1.026110,0.016545,42364,374
-87.351023,84.887588,1.024124,0.019433,42365,374
-87.351010,84.887902,1.020994,0.016285,42366,374
-87.350996,84.888216,1.051312,0.030130,42367,374
-87.350983,84.888530,1.127629,0.070518,42368,374
-87.351541,84.900144,1.029160,0.078253,42369,373
-87.350969,84.888844,1.189361,0.101699,42369,374
-87.351528,84.900456,1.053034,0.102548,42370,373
-87.350956,84.889158,1.226122,0.123628,42370,374
-87.351514,84.900769,1.121966,0.126770,42371,373
-87.348908,84.946891,1.006912,0.090854,42539,374
-87.348896,84.947229,1.081790,0.125656,42540,374
-87.303984,85.757875,1.007326,0.070500,45479,381
-87.303969,85.758154,1.017797,0.072810,45480,381
-87.304519,85.769781,1.007578,0.070344,45481,380
-87.303954,85.758433,1.033454,0.071115,45481,381
-87.304459,85.770897,1.028647,0.079009,45485,380
-87.304444,85.771176,1.031087,0.094330,45486,380
-87.305135,85.940516,1.113397,0.125830,45754,372
-87.301878,86.165396,1.004360,0.121209,46253,371
-87.301864,86.165695,1.050908,0.127419,46254,371
-87.301822,86.166592,1.031100,0.123950,46257,371
-87.301808,86.166891,1.027056,0.115772,46258,371
-87.301794,86.167190,1.052444,0.117778,46259,371
-87.301780,86.167489,1.070717,0.107797,46260,371
-87.307548,86.284707,1.042300,0.072623,46261,363
-87.301766,86.167788,1.074979,0.104693,46261,371
-87.307534,86.285001,1.074092,0.085664,46262,363
-87.301752,86.168087,1.084603,0.113045,46262,371
-87.307520,86.285296,1.003255,0.100392,46263,363
-87.301739,86.168386,1.122847,0.119559,46263,371
-87.291900,86.119712,1.053950,0.102438,46522,379
-87.291874,86.119748,1.060466,0.082231,46523,379
-87.291847,86.119783,1.065883,0.072212,46524,379
-87.291168,86.106044,1.026498,0.087108,46524,380
-87.291820,86.119819,1.023710,0.056766,46525,379
-87.291686,86.119997,1.023934,0.026091,46530,379
-87.292330,86.133595,1.046915,0.053183,46531,378
-87.291659,86.120033,1.127305,0.061162,46531,379
-87.292302,86.133605,1.110645,0.071670,46532,378
-87.291633,86.120069,1.224725,0.102439,46532,379
-87.292274,86.133615,1.138926,0.082845,46533,378
-87.291606,86.120104,1.261951,0.117630,46533,379
-87.292246,86.133626,1.133101,0.077949,46534,378
-87.291579,86.120140,1.269723,0.120962,46534,379
-87.292218,86.133636,1.125766,0.077460,46535,378
-87.291552,86.120176,1.267434,0.120676,46535,379
-87.292190,86.133646,1.077818,0.064805,46536,378
-87.291526,86.120211,1.220294,0.101978,46536,379
-87.292162,86.133657,1.068492,0.051759,46537,378
-87.291499,86.120247,1.208296,0.096145,46537,379
-87.292133,86.133667,1.157791,0.085318,46538,378
-87.292105,86.133677,1.171086,0.090903,46539,378
-87.292077,86.133688,1.132338,0.062068,46540,378
-87.291418,86.120354,1.221305,0.107385,46540,379
-87.292049,86.133698,1.147588,0.075532,46541,378
-87.291392,86.120390,1.163122,0.100902,46541,379
-87.292021,86.133709,1.120029,0.104857,46542,378
-87.291365,86.120425,1.068100,0.090878,46542,379
-87.291937,86.133740,1.235862,0.127885,46545,378
-87.294071,86.203402,1.017004,0.118794,46591,372
-87.377982,89.172339,1.071787,0.122652,48491,177
-87.377976,89.172824,1.123746,0.115585,48492,177
-87.377957,89.174279,1.078735,0.127691,48495,177
-87.378670,89.316828,1.055453,0.088493,48694,175
-87.378655,89.317094,1.161937,0.113428,48695,175
-87.378639,89.317361,1.154042,0.116621,48696,175
-87.372253,89.323948,1.001608,0.124174,48941,175
-87.372204,89.324692,1.047747,0.082329,48944,175
-87.372187,89.324939,1.089046,0.076039,48945,175
-87.372171,89.325187,1.114654,0.089961,48946,175
-87.372730,89.338926,1.073830,0.126310,48947,174
-87.372154,89.325435,1.099290,0.099798,48947,175
-87.372713,89.339175,1.028921,0.129609,48948,174
-87.372137,89.325683,1.069079,0.123990,48948,175
-87.329885,89.286768,1.012468,0.129056,50441,211
-87.329859,89.287412,1.136396,0.126423,50443,211
-87.329728,89.290630,1.082732,0.097244,50453,211
-87.329715,89.290952,1.036914,0.083087,50454,211
-87.329702,89.291274,1.024398,0.085817,50455,211
-87.329688,89.291596,1.010371,0.075669,50456,211
-87.329664,89.292276,1.029900,0.082405,50458,211
-87.329652,89.292618,1.079830,0.087271,50459,211
-87.329639,89.292960,1.102145,0.089215,50460,211
-87.329627,89.293302,1.085189,0.093548,50461,211
-87.329615,89.293643,1.037765,0.102558,50462,211
-87.284508,88.322539,1.057610,0.104496,50518,292
-87.284445,88.323567,1.006593,0.045929,50522,292
-87.284429,88.323836,1.010869,0.047780,50523,292
-87.284414,88.324105,1.030048,0.054262,50524,292
-87.284399,88.324374,1.007753,0.078404,50525,292
-87.284383,88.324643,1.038886,0.126998,50526,292
-87.245101,87.581148,1.115331,0.125351,50685,360
-87.245090,87.581510,1.108155,0.103028,50686,360
-87.245079,87.581872,1.107345,0.090074,50687,360
-87.245069,87.582233,1.109989,0.079142,50688,360
-87.245058,87.582595,1.108294,0.081914,50689,360
-87.245047,87.582957,1.108280,0.085020,50690,360
-87.245036,87.583319,1.139972,0.095952,50691,360
-87.245026,87.583681,1.165570,0.120210,50692,360
-87.318452,89.196051,1.071771,0.115590,50713,227
-87.316685,89.316578,1.066692,0.124225,50973,223
-87.316670,89.316864,1.052197,0.117850,50974,223
-87.244215,87.745760,1.006455,0.122436,50997,353
-87.244143,87.748355,1.034123,0.063931,51004,353
-87.244134,87.748764,1.078124,0.072069,51005,353
-87.244126,87.749173,1.199169,0.107185,51006,353
-87.244109,87.749990,1.208232,0.127224,51008,353
-87.244092,87.750808,1.183314,0.128396,51010,353
-87.244000,87.755305,1.013459,0.110521,51021,353
-87.243448,87.743653,1.027681,0.071383,51021,354
-87.243440,87.744067,1.027246,0.077535,51022,354
-87.242420,87.779455,1.021493,0.129300,51119,354
-87.241763,87.770857,1.001432,0.124981,51128,355
-87.241736,87.771463,1.054007,0.045353,51130,355
-87.241722,87.771766,1.146491,0.124686,51131,355
-87.241682,87.772675,1.281686,0.125753,51134,355
-87.239921,87.873027,1.011530,0.126995,51368,351
-87.239361,87.861776,1.048062,0.109632,51369,352
-87.239804,87.875245,1.019425,0.100405,51376,351
-87.239789,87.875522,1.080171,0.097413,51377,351
-87.239245,87.864012,1.006328,0.080954,51377,352
-87.239775,87.875800,1.099554,0.090831,51378,351
-87.239230,87.864291,1.024846,0.079586,51378,352
-87.239760,87.876077,1.105529,0.087100,51379,351
-87.239215,87.864571,1.026653,0.079154,51379,352
-87.239745,87.876354,1.115716,0.092503,51380,351
-87.239201,87.864850,1.023684,0.078579,51380,352
-87.239731,87.876631,1.122016,0.097603,51381,351
-87.239186,87.865129,1.042204,0.088269,51381,352
-87.240260,87.888408,1.000956,0.102185,51382,350
-87.239716,87.876908,1.137504,0.097309,51382,351
-87.239172,87.865409,1.101861,0.104352,51382,352
-87.240245,87.888683,1.072695,0.078669,51383,350
-87.239701,87.877186,1.135252,0.098010,51383,351
-87.239157,87.865688,1.107358,0.099226,51383,352
-87.240231,87.888958,1.119981,0.064569,51384,350
-87.239686,87.877463,1.099411,0.079334,51384,351
-87.239142,87.865968,1.047441,0.072176,51384,352
-87.240216,87.889240,1.132406,0.080132,51385,350
-87.239672,87.877746,1.133930,0.079482,51385,351
-87.239128,87.866252,1.068077,0.067288,51385,352
-87.240202,87.889523,1.220140,0.109519,51386,350
-87.239658,87.878030,1.250955,0.111727,51386,351
-87.239114,87.866537,1.149130,0.099403,51386,352
-87.240144,87.890652,1.198724,0.110695,51390,350
-87.240130,87.890935,1.134369,0.086131,51391,350
-87.239586,87.879448,1.155870,0.114973,51391,351
-87.239042,87.867961,1.005196,0.128992,51391,352
-87.240115,87.891217,1.107413,0.090953,51392,350
-87.239572,87.879731,1.097805,0.107187,51392,351
-87.240101,87.891500,1.085062,0.121081,51393,350
-87.239557,87.880015,1.072062,0.103051,51393,351
-87.239543,87.880298,1.066981,0.096781,51394,351
-87.239528,87.880582,1.071906,0.094269,51395,351
-87.239514,87.880865,1.092406,0.087259,51396,351
-87.239500,87.881149,1.098231,0.084943,51397,351
-87.239485,87.881433,1.064121,0.084858,51398,351
-87.239471,87.881716,1.022703,0.102399,51399,351
-87.179023,87.085209,1.140836,0.114355,52173,445
-87.179006,87.085440,1.123536,0.120926,52174,445
-87.179518,87.096323,1.074962,0.088642,52175,444
-87.175528,87.054536,1.164313,0.117048,52243,449
-87.175462,87.054918,1.047556,0.102232,52246,449
-87.175441,87.055045,1.064813,0.067610,52247,449
-87.175419,87.055170,1.118260,0.095421,52248,449
-87.175396,87.055275,1.111085,0.119688,52249,449
-87.175738,87.066718,1.274588,0.120725,52257,448
-87.175212,87.056115,1.171317,0.117597,52257,449
-87.176241,87.077429,1.129719,0.096361,52258,447
-87.175715,87.066825,1.244713,0.116800,52258,448
-87.175189,87.056220,1.160028,0.097914,52258,449
-87.176218,87.077537,1.101810,0.074347,52259,447
-87.175692,87.066931,1.232003,0.122434,52259,448
-87.175166,87.056325,1.161273,0.094556,52259,449
-87.176196,87.077645,1.099882,0.071821,52260,447
-87.175669,87.067037,1.232195,0.124858,52260,448
-87.175143,87.056430,1.159058,0.100310,52260,449
-87.176173,87.077752,1.137138,0.089486,52261,447
-87.175646,87.067144,1.243674,0.124370,52261,448
-87.175120,87.056535,1.134071,0.104134,52261,449
-87.176150,87.077860,1.212759,0.115888,52262,447
-87.176036,87.078399,1.290945,0.127965,52267,447
-87.176013,87.078507,1.279936,0.126369,52268,447
-87.175990,87.078614,1.234676,0.118607,52269,447
-87.175967,87.078722,1.138796,0.097939,52270,447
-87.175440,87.068102,1.198778,0.103006,52270,448
-87.175944,87.078830,1.100598,0.091270,52271,447
-87.175417,87.068208,1.193107,0.100765,52271,448
-87.175921,87.078938,1.116841,0.080720,52272,447
-87.175394,87.068314,1.195456,0.098340,52272,448
-87.175898,87.079045,1.162968,0.095387,52273,447
-87.175371,87.068421,1.206428,0.105165,52273,448
-87.141287,87.472061,1.048709,0.121975,54200,459
-87.141273,87.472340,1.050088,0.106179,54201,459
-87.141259,87.472618,1.080778,0.126577,54202,459
-87.144324,87.537789,1.118271,0.056335,54209,453
-87.144310,87.538069,1.083806,0.048641,54210,453
-87.143782,87.527532,1.081655,0.115069,54210,454
-87.144296,87.538349,1.123323,0.097571,54211,453
-87.143768,87.527812,1.081860,0.107750,54211,454
-87.143754,87.528092,1.085939,0.110447,54212,454
-87.143740,87.528372,1.098753,0.112622,54213,454
-87.143726,87.528652,1.182872,0.116872,54214,454
-87.148717,87.673753,1.076785,0.117475,54292,443
-87.148706,87.674088,1.151979,0.100511,54293,443
-87.148694,87.674424,1.212111,0.113524,54294,443
-87.148683,87.674760,1.209657,0.126012,54295,443
-87.148533,87.679662,1.015372,0.129843,54309,443
-87.149250,87.718081,1.071752,0.122451,54351,441
-87.149208,87.719488,1.115307,0.115620,54355,441
-87.149197,87.719840,1.101367,0.085194,54356,441
-87.149186,87.720191,1.136906,0.085369,54357,441
-87.149176,87.720543,1.194205,0.100004,54358,441
-87.149165,87.720895,1.240572,0.119839,54359,441
-87.149154,87.721239,1.219920,0.115650,54360,441
-87.149143,87.721573,1.215029,0.111665,54361,441
-87.149131,87.721907,1.218706,0.118349,54362,441
-87.149120,87.722242,1.187094,0.114285,54363,441
-87.149108,87.722576,1.181327,0.117063,54364,441
-87.146749,87.802196,1.097084,0.116314,54589,440
-87.146734,87.802450,1.024490,0.118649,54590,440
-87.142529,87.738297,1.066923,0.127976,54628,446
-87.142514,87.738564,1.080534,0.129584,54629,446
-87.142499,87.738831,1.078210,0.112253,54630,446
-87.142485,87.739098,1.097307,0.091947,54631,446
-87.142470,87.739365,1.097097,0.089127,54632,446
-87.142455,87.739632,1.042013,0.056355,54633,446
-87.143043,87.752174,1.110230,0.115849,54634,445
-87.142441,87.739899,1.035952,0.023383,54634,446
-87.143028,87.752438,1.089090,0.110768,54635,445
-87.142426,87.740166,1.039307,0.019402,54635,446
-87.143013,87.752702,1.039097,0.106739,54636,445
-87.142411,87.740433,1.000372,0.010345,54636,446
-87.142998,87.752966,1.027490,0.105693,54637,445
-87.142396,87.740700,1.025507,0.033366,54637,446
-87.142983,87.753230,1.032593,0.102307,54638,445
-87.142382,87.740967,1.059300,0.037507,54638,446
-87.141780,87.728705,1.091724,0.116046,54638,447
-87.142969,87.753494,1.013656,0.081017,54639,445
-87.142367,87.741234,1.034100,0.054210,54639,446
-87.141765,87.728975,1.056579,0.094819,54639,447
-87.142954,87.753758,1.033407,0.061723,54640,445
-87.142352,87.741501,1.046161,0.101358,54640,446
-87.141751,87.729244,1.057919,0.096061,54640,447
-87.142939,87.754022,1.080502,0.087437,54641,445
-87.141736,87.729514,1.100226,0.118855,54641,447
-87.142924,87.754287,1.103044,0.118887,54642,445
-87.142865,87.755343,1.222297,0.118758,54646,445
-87.142850,87.755607,1.180398,0.089796,54647,445
-87.142835,87.755871,1.153681,0.072228,54648,445
-87.142820,87.756136,1.131688,0.063864,54649,445
-87.142805,87.756401,1.126132,0.065792,54650,445
-87.142790,87.756665,1.089996,0.057724,54651,445
-87.142776,87.756930,1.036371,0.041772,54652,445
-87.142176,87.744707,1.251387,0.119340,54652,446
-87.142761,87.757194,1.004846,0.018978,54653,445
-87.142161,87.744975,1.196477,0.106604,54653,446
-87.142147,87.745242,1.066771,0.114247,54654,446
-87.142672,87.758781,1.051715,0.114798,54659,445
-87.142657,87.759046,1.129413,0.110978,54660,445
-87.142642,87.759310,1.171779,0.125200,54661,445
-87.338019,92.543504,1.222097,0.114332,55201,25
-87.338001,92.543686,1.160180,0.108995,55202,25
-87.337606,92.536839,1.125234,0.123420,55207,26
-87.337588,92.537021,1.025027,0.109165,55208,26
-87.154951,88.643123,1.084951,0.115398,55765,390
-87.155410,88.653993,1.085502,0.127395,55767,389
-87.155277,88.655832,1.084926,0.124592,55775,389
-87.155261,88.656062,1.065165,0.099328,55776,389
-87.155244,88.656292,1.055575,0.079736,55777,389
-87.155228,88.656523,1.068215,0.075301,55778,389
-87.155211,88.656753,1.077381,0.082255,55779,389
-87.155195,88.656983,1.089279,0.088006,55780,389
-87.155178,88.657213,1.018068,0.105885,55781,389
